Workbook

Sheet 硬件清单
A1: 顺序号 | B1: 原表序号 | C1: 清查表序号 | D1: 产品大类 | E1: 产品 | F1: 维保内容 | G1: S/N | H1: 固资编号 | I1: 维保期限（月） | K1: 备注 | L1: 是否原厂 | M1: 安装地点
A2: =IF(C2="","",SUBTOTAL(103,$C$2:C2)) -> 1 | B2: 806 | C2: 5381 | D2: 机房设备 | E2: UPS系统（含电池组） | F2: 施耐德MGE Galaxy 7000 500KVA1及伊顿9395 500KVA | G2: 施耐德：UJ-2W7T04001、伊顿:4L385BAB03 | H2: 140701-2017-000002 | I2: 12 | J2: =VLOOKUP(G2,[1]硬件清单!$F:$F,1,0) -> 施耐德：UJ-2W7T04001、伊顿:4L385BAB03 | K2: =VLOOKUP(G2,[1]硬件清单!$F:$F,1,0) -> 施耐德：UJ-2W7T04001、伊顿:4L385BAB03 | L2: 原厂 | M2: TK-F01-配电间东侧
A3: =IF(C3="","",SUBTOTAL(103,$C$2:C3)) -> 2 | B3: 5298 | C3: 713 | D3: 网络设备 | E3: 交换机 | F3: 广州毅航ISX6000 | G3: SNC-4000V3.0-201534-0025 SNC-4000V3.0-201534-0001 SNC-4000V3.0-291215-00211 SNC-4000V3.0-291215-00212 201804260092 201804260032 | H3: 140502-2019-000143 | I3: 12 | J3: =VLOOKUP(G3,[1]硬件清单!$F:$F,1,0) -> SNC-4000V3.0-201534-0025 SNC-4000V3.0-201534-0001 SNC-4000V3.0-291215-00211 SNC-4000V3.0-291215-00212 201804260092 201804260032 | K3: =VLOOKUP(G3,[1]硬件清单!$F:$F,1,0) -> SNC-4000V3.0-201534-0025 SNC-4000V3.0-201534-0001 SNC-4000V3.0-291215-00211 SNC-4000V3.0-291215-00212 201804260092 201804260032 | M3: XD-B02-KF-E12(35-37U) XD-B02-KF-E12(33-34U)电源
A4: =IF(C4="","",SUBTOTAL(103,$C$2:C4)) -> 3 | B4: 5299 | C4: 714 | D4: 网络设备 | E4: 交换机 | F4: 广州毅航ISX6000 | G4: SNC-4000V3.0-201534-0027 SNC-4000V3.0-201534-0023 201811220063 201804260095 | H4: 140502-2019-000144 | I4: 12 | J4: =VLOOKUP(G4,[1]硬件清单!$F:$F,1,0) -> SNC-4000V3.0-201534-0027 SNC-4000V3.0-201534-0023 201811220063 201804260095 | K4: =VLOOKUP(G4,[1]硬件清单!$F:$F,1,0) -> SNC-4000V3.0-201534-0027 SNC-4000V3.0-201534-0023 201811220063 201804260095 | M4: XD-B02-KF-E13(33-34U) XD-B02-KF-E13(37-38U)电源
A5: =IF(C5="","",SUBTOTAL(103,$C$2:C5)) -> 4 | B5: 5300 | C5: 715 | D5: 网络设备 | E5: 交换机 | F5: 广州毅航ISX6000 | G5: SNC-4000V3.0-201534-0026 SNC-4000V3.0-201534-0024 201811220094 201811220027 | H5: 140502-2019-000145 | I5: 12 | J5: =VLOOKUP(G5,[1]硬件清单!$F:$F,1,0) -> SNC-4000V3.0-201534-0026 SNC-4000V3.0-201534-0024 201811220094 201811220027 | K5: =VLOOKUP(G5,[1]硬件清单!$F:$F,1,0) -> SNC-4000V3.0-201534-0026 SNC-4000V3.0-201534-0024 201811220094 201811220027 | M5: XD-B02-KF-E13(30-31U) XD-B02-KF-E13(35-36U)电源
A6: =IF(C6="","",SUBTOTAL(103,$C$2:C6)) -> 5 | B6: 5301 | C6: 716 | D6: 网络设备 | E6: 交换机 | F6: 广州毅航ISX6000 | G6: SNC-4000V3.0-201534-0021 SNC-4000V3.0-201534-0022 201804260025 201804260021 | H6: 140502-2019-000146 | I6: 12 | J6: =VLOOKUP(G6,[1]硬件清单!$F:$F,1,0) -> SNC-4000V3.0-201534-0021 SNC-4000V3.0-201534-0022 201804260025 201804260021 | K6: =VLOOKUP(G6,[1]硬件清单!$F:$F,1,0) -> SNC-4000V3.0-201534-0021 SNC-4000V3.0-201534-0022 201804260025 201804260021 | M6: XD-B02-KF-E14(30-31U) XD-B02-KF-E14(32-33U)电源
A7: =IF(C7="","",SUBTOTAL(103,$C$2:C7)) -> 6 | B7: 5302 | C7: 717 | D7: 网络设备 | E7: 其他网络设备 | F7: 华为 Optix-OSN-1500 | G7: 2102300653P0KB000260 | H7: 140506-2019-000027 | I7: 12 | J7: =VLOOKUP(G7,[1]硬件清单!$F:$F,1,0) -> 2102300653P0KB000260 | K7: =VLOOKUP(G7,[1]硬件清单!$F:$F,1,0) -> 2102300653P0KB000260 | M7: XD-B02-KF-E05(31-35U)
A8: =IF(C8="","",SUBTOTAL(103,$C$2:C8)) -> 7 | B8: 5303 | C8: 718 | D8: 网络设备 | E8: 其他网络设备 | F8: 华为 Optix-OSN-1500 | G8: 2102300653P0KB000259 | H8: 140506-2019-000028 | I8: 12 | J8: =VLOOKUP(G8,[1]硬件清单!$F:$F,1,0) -> 2102300653P0KB000259 | K8: =VLOOKUP(G8,[1]硬件清单!$F:$F,1,0) -> 2102300653P0KB000259 | M8: XD-B02-KF-E06(31-35U)
A9: =IF(C9="","",SUBTOTAL(103,$C$2:C9)) -> 8 | B9: 5304 | C9: 719 | D9: 网络设备 | E9: 其他网络设备 | F9: 华为 Optix-OSN-1500 | G9: 2102300653P0KB000261 | H9: 140506-2019-000029 | I9: 12 | J9: =VLOOKUP(G9,[1]硬件清单!$F:$F,1,0) -> 2102300653P0KB000261 | K9: =VLOOKUP(G9,[1]硬件清单!$F:$F,1,0) -> 2102300653P0KB000261 | M9: XD-B02-KF-E07(31-35U)
A10: =IF(C10="","",SUBTOTAL(103,$C$2:C10)) -> 9 | B10: 11512 | C10: 169 | D10: 计算机 | E10: 其他计算机 | F10: 朗阁MailData邮件网关系统 | G10: MDLZ-K1115-2U16S-2620V4-OBCR | H10: 140107-2020-000001 | I10: 12 | J10: =VLOOKUP(G10,[1]硬件清单!$F:$F,1,0) -> MDLZ-K1115-2U16S-2620V4-OBCR | K10: =VLOOKUP(G10,[1]硬件清单!$F:$F,1,0) -> MDLZ-K1115-2U16S-2620V4-OBCR | M10: XD-B03-YD-C10(37-38U)
A11: =IF(C11="","",SUBTOTAL(103,$C$2:C11)) -> 10 | B11: 11513 | C11: 170 | D11: 计算机 | E11: 其他计算机 | F11: 朗阁MailData邮件网关系统 | G11: MDLZ-K1115-2U16S-2620V4-OBCQ | H11: 140107-2020-000002 | I11: 12 | J11: =VLOOKUP(G11,[1]硬件清单!$F:$F,1,0) -> MDLZ-K1115-2U16S-2620V4-OBCQ | K11: =VLOOKUP(G11,[1]硬件清单!$F:$F,1,0) -> MDLZ-K1115-2U16S-2620V4-OBCQ | M11: XD-B03-YD-C10(35-36U)
A12: =IF(C12="","",SUBTOTAL(103,$C$2:C12)) -> 11 | B12: 11514 | C12: 184 | D12: 计算机 | E12: 其他计算机 | F12: 朗阁MailData邮件网关系统 | G12: MDLZ-K1115-2U16S-2620V4-OBEB | H12: 140107-2020-000003 | I12: 12 | J12: =VLOOKUP(G12,[1]硬件清单!$F:$F,1,0) -> MDLZ-K1115-2U16S-2620V4-OBEB | K12: =VLOOKUP(G12,[1]硬件清单!$F:$F,1,0) -> MDLZ-K1115-2U16S-2620V4-OBEB | M12: XD-B03-YD-C10(41-42U)
A13: =IF(C13="","",SUBTOTAL(103,$C$2:C13)) -> 12 | B13: 11515 | C13: 185 | D13: 计算机 | E13: 其他计算机 | F13: 朗阁MailData邮件网关系统 | G13: MDLZ-K1115-2U16S-2620V4-OBEA | H13: 140107-2020-000004 | I13: 12 | J13: =VLOOKUP(G13,[1]硬件清单!$F:$F,1,0) -> MDLZ-K1115-2U16S-2620V4-OBEA | K13: =VLOOKUP(G13,[1]硬件清单!$F:$F,1,0) -> MDLZ-K1115-2U16S-2620V4-OBEA | M13: XD-B03-YD-C10(39-40U)
A14: =IF(C14="","",SUBTOTAL(103,$C$2:C14)) -> 13 | B14: 1 | C14: 11183 | D14: 网络设备 | E14: 链路负载均衡器 | F14: F5 VIPROPN 2400 | G14: chs408148s | H14: 140503-2014-000220 | I14: 12 | J14: =VLOOKUP(G14,[1]硬件清单!$F:$F,1,0) -> chs408148s | K14: =VLOOKUP(G14,[1]硬件清单!$F:$F,1,0) -> chs408148s | L14: 原厂 | M14: TK-F01-101-G2(27-30U)
A15: =IF(C15="","",SUBTOTAL(103,$C$2:C15)) -> 14 | B15: 2 | C15: 11201 | D15: 安全保密 | E15: 防火墙 | F15: 华为 USG6660 | G15: 210235G7G510EA000007 | H15: 140601-2014-000012 | I15: 12 | J15: =VLOOKUP(G15,[1]硬件清单!$F:$F,1,0) -> 210235G7G510EA000007 | K15: =VLOOKUP(G15,[1]硬件清单!$F:$F,1,0) -> 210235G7G510EA000007 | M15: TK-F01-101-G2(35-37U)
A16: =IF(C16="","",SUBTOTAL(103,$C$2:C16)) -> 15 | B16: 3 | C16: 11100 | D16: 网络设备 | E16: 交换机 | F16: 华三 S12510-X | G16: 210235AOXXX149000045 | H16: 140502-2014-001091 | I16: 12 | J16: =VLOOKUP(G16,[1]硬件清单!$F:$F,1,0) -> 210235AOXXX149000045 | K16: =VLOOKUP(G16,[1]硬件清单!$F:$F,1,0) -> 210235AOXXX149000045 | L16: 原厂 | M16: TK-F01-101-G3(3-23U)
A17: =IF(C17="","",SUBTOTAL(103,$C$2:C17)) -> 16 | B17: 4 | C17: 11184 | D17: 网络设备 | E17: 链路负载均衡器 | F17: F5 VIPROPN 2400 | G17: chs408167s | H17: 140503-2014-000221 | I17: 12 | J17: =VLOOKUP(G17,[1]硬件清单!$F:$F,1,0) -> chs408167s | K17: =VLOOKUP(G17,[1]硬件清单!$F:$F,1,0) -> chs408167s | L17: 原厂 | M17: TK-F01-101-G3(27-30U)
A18: =IF(C18="","",SUBTOTAL(103,$C$2:C18)) -> 17 | B18: 5 | C18: 11202 | D18: 安全保密 | E18: 防火墙 | F18: 华为 USG6660 | G18: 210235G7G510EA000011 | H18: 140601-2014-000013 | I18: 12 | J18: =VLOOKUP(G18,[1]硬件清单!$F:$F,1,0) -> 210235G7G510EA000011 | K18: =VLOOKUP(G18,[1]硬件清单!$F:$F,1,0) -> 210235G7G510EA000011 | M18: TK-F01-101-G3(35-37U)
A19: =IF(C19="","",SUBTOTAL(103,$C$2:C19)) -> 18 | B19: 6 | C19: 11101 | D19: 网络设备 | E19: 交换机 | F19: 华三 S12510-X | G19: 210235AOXXX149000022 | H19: 140502-2014-001092 | I19: 12 | J19: =VLOOKUP(G19,[1]硬件清单!$F:$F,1,0) -> 210235AOXXX149000022 | K19: =VLOOKUP(G19,[1]硬件清单!$F:$F,1,0) -> 210235AOXXX149000022 | L19: 原厂 | M19: TK-F01-101-G2(3-23U)
A20: =IF(C20="","",SUBTOTAL(103,$C$2:C20)) -> 19 | B20: 7 | C20: 10150 | D20: 网络设备 | E20: 应用负载均衡器 | F20: F5 2400 | G20: chs408155s (bid009916s bid009926s) | H20: 140504-2014-000397 | I20: 12 | J20: =VLOOKUP(G20,[1]硬件清单!$F:$F,1,0) -> chs408155s (bid009916s bid009926s) | K20: =VLOOKUP(G20,[1]硬件清单!$F:$F,1,0) -> chs408155s (bid009916s bid009926s) | L20: 原厂 | M20: TK-F01-101-G4(10-13U)
A21: =IF(C21="","",SUBTOTAL(103,$C$2:C21)) -> 20 | B21: 8 | C21: 10151 | D21: 网络设备 | E21: 应用负载均衡器 | F21: Radware alteon5412 | G21: 31405652 | H21: 140504-2014-000398 | I21: 12 | J21: =VLOOKUP(G21,[1]硬件清单!$F:$F,1,0) -> 31405652 | K21: =VLOOKUP(G21,[1]硬件清单!$F:$F,1,0) -> 31405652 | M21: TK-F01-101-G4(16-17U)
A22: =IF(C22="","",SUBTOTAL(103,$C$2:C22)) -> 21 | B22: 9 | C22: 10152 | D22: 网络设备 | E22: 应用负载均衡器 | F22: Radware alteon5412 | G22: 31405713 | H22: 140504-2014-000399 | I22: 12 | J22: =VLOOKUP(G22,[1]硬件清单!$F:$F,1,0) -> 31405713 | K22: =VLOOKUP(G22,[1]硬件清单!$F:$F,1,0) -> 31405713 | M22: TK-F01-101-G4(19-20U)
A23: =IF(C23="","",SUBTOTAL(103,$C$2:C23)) -> 22 | B23: 10 | C23: 11214 | D23: 安全保密 | E23: 加密设备 | F23: F5 VIPROPN 2400 | G23: chs408180s | H23: 140606-2014-000006 | I23: 12 | J23: =VLOOKUP(G23,[1]硬件清单!$F:$F,1,0) -> chs408180s | K23: =VLOOKUP(G23,[1]硬件清单!$F:$F,1,0) -> chs408180s | L23: 原厂 | M23: TK-F01-101-G4(27-30U)
A24: =IF(C24="","",SUBTOTAL(103,$C$2:C24)) -> 23 | B24: 11 | C24: 11203 | D24: 安全保密 | E24: 防火墙 | F24: 华为 USG6660 | G24: 210235G7G510EA000008 | H24: 140601-2014-000014 | I24: 12 | J24: =VLOOKUP(G24,[1]硬件清单!$F:$F,1,0) -> 210235G7G510EA000008 | K24: =VLOOKUP(G24,[1]硬件清单!$F:$F,1,0) -> 210235G7G510EA000008 | M24: TK-F01-101-G4(34-36U)
A25: =IF(C25="","",SUBTOTAL(103,$C$2:C25)) -> 24 | B25: 12 | C25: 10149 | D25: 网络设备 | E25: 应用负载均衡器 | F25: F5 2400 | G25: chs408153s (bid009925s bid009913s) | H25: 140504-2014-000396 | I25: 12 | J25: =VLOOKUP(G25,[1]硬件清单!$F:$F,1,0) -> chs408153s (bid009925s bid009913s) | K25: =VLOOKUP(G25,[1]硬件清单!$F:$F,1,0) -> chs408153s (bid009925s bid009913s) | M25: TK-F01-101-G4(4-7U)
A26: =IF(C26="","",SUBTOTAL(103,$C$2:C26)) -> 25 | B26: 14 | C26: 11204 | D26: 安全保密 | E26: 防火墙 | F26: 华为 USG9520 | G26: 210235A0HAH14A000296 | H26: 140601-2014-000015 | I26: 12 | J26: =VLOOKUP(G26,[1]硬件清单!$F:$F,1,0) -> 210235A0HAH14A000296 | K26: =VLOOKUP(G26,[1]硬件清单!$F:$F,1,0) -> 210235A0HAH14A000296 | M26: TK-F01-101-G5(20-24U)
A27: =IF(C27="","",SUBTOTAL(103,$C$2:C27)) -> 26 | B27: 15 | C27: 11215 | D27: 安全保密 | E27: 加密设备 | F27: F5 VIPROPN 2400 | G27: chs408149s | H27: 140606-2014-000007 | I27: 12 | J27: =VLOOKUP(G27,[1]硬件清单!$F:$F,1,0) -> chs408149s | K27: =VLOOKUP(G27,[1]硬件清单!$F:$F,1,0) -> chs408149s | L27: 原厂 | M27: TK-F01-101-G5(27-30U)
A28: =IF(C28="","",SUBTOTAL(103,$C$2:C28)) -> 27 | B28: 16 | C28: 11084 | D28: 网络设备 | E28: 路由器 | F28: 思科 ASR1004-CB | G28: FXS1751Q1KZ | H28: 140501-2014-000553 | I28: 12 | J28: =VLOOKUP(G28,[1]硬件清单!$F:$F,1,0) -> FXS1751Q1KZ | K28: =VLOOKUP(G28,[1]硬件清单!$F:$F,1,0) -> FXS1751Q1KZ | L28: 原厂 | M28: TK-F01-101-G5(3-6U)
A29: =IF(C29="","",SUBTOTAL(103,$C$2:C29)) -> 28 | B29: 19 | C29: 11205 | D29: 安全保密 | E29: 防火墙 | F29: 华为 USG9520 | G29: 210235A0HAH14A000246 | H29: 140601-2014-000016 | I29: 12 | J29: =VLOOKUP(G29,[1]硬件清单!$F:$F,1,0) -> 210235A0HAH14A000246 | K29: =VLOOKUP(G29,[1]硬件清单!$F:$F,1,0) -> 210235A0HAH14A000246 | M29: TK-F01-101-G6(20-24U)
A30: =IF(C30="","",SUBTOTAL(103,$C$2:C30)) -> 29 | B30: 20 | C30: 11216 | D30: 安全保密 | E30: 加密设备 | F30: F5 VIPROPN 2400 | G30: chs408151s | H30: 140606-2014-000008 | I30: 12 | J30: =VLOOKUP(G30,[1]硬件清单!$F:$F,1,0) -> chs408151s | K30: =VLOOKUP(G30,[1]硬件清单!$F:$F,1,0) -> chs408151s | L30: 原厂 | M30: TK-F01-101-G6(27-30U)
A31: =IF(C31="","",SUBTOTAL(103,$C$2:C31)) -> 30 | B31: 21 | C31: 11085 | D31: 网络设备 | E31: 路由器 | F31: 思科 ASR1004-CB | G31: FXS1745Q0TX | H31: 140501-2014-000554 | I31: 12 | J31: =VLOOKUP(G31,[1]硬件清单!$F:$F,1,0) -> FXS1745Q0TX | K31: =VLOOKUP(G31,[1]硬件清单!$F:$F,1,0) -> FXS1745Q0TX | M31: TK-F01-101-G6(3-6U)
A32: =IF(C32="","",SUBTOTAL(103,$C$2:C32)) -> 31 | B32: 23 | C32: 11413 | D32: 机房设备 | E32: 空调系统 | F32: 艾默生PEX系列－P2070 | G32: 2101301843213b040001 | H32: 140702-2014-000018 | I32: 12 | J32: =VLOOKUP(G32,[1]硬件清单!$F:$F,1,0) -> 2101301843213b040001 | K32: =VLOOKUP(G32,[1]硬件清单!$F:$F,1,0) -> 2101301843213b040001 | M32: TK-F01-101东侧空调
A33: =IF(C33="","",SUBTOTAL(103,$C$2:C33)) -> 32 | B33: 24 | C33: 11414 | D33: 机房设备 | E33: 空调系统 | F33: 艾默生PEX系列－P2070 | G33: 21013018432133030008 | H33: 140702-2014-000019 | I33: 12 | J33: =VLOOKUP(G33,[1]硬件清单!$F:$F,1,0) -> 21013018432133030008 | K33: =VLOOKUP(G33,[1]硬件清单!$F:$F,1,0) -> 21013018432133030008 | M33: TK-F01-101西侧空调
A34: =IF(C34="","",SUBTOTAL(103,$C$2:C34)) -> 33 | B34: 25 | C34: 11097 | D34: 网络设备 | E34: 路由器 | F34: 华为 AR2240 | G34: 2102113373POE9000338 | H34: 140501-2014-000566 | I34: 12 | J34: =VLOOKUP(G34,[1]硬件清单!$F:$F,1,0) -> 2102113373POE9000338 | K34: =VLOOKUP(G34,[1]硬件清单!$F:$F,1,0) -> 2102113373POE9000338 | M34: TK-F01-104-H1(14-15U)
A35: =IF(C35="","",SUBTOTAL(103,$C$2:C35)) -> 34 | B35: 26 | C35: 11096 | D35: 网络设备 | E35: 路由器 | F35: 华为 AR2240 | G35: 21021133736TEA900017 | H35: 140501-2014-000565 | I35: 12 | J35: =VLOOKUP(G35,[1]硬件清单!$F:$F,1,0) -> 21021133736TEA900017 | K35: =VLOOKUP(G35,[1]硬件清单!$F:$F,1,0) -> 21021133736TEA900017 | M35: TK-F01-104-H1(17-18U)
A36: =IF(C36="","",SUBTOTAL(103,$C$2:C36)) -> 35 | B36: 27 | C36: 11213 | D36: 安全保密 | E36: 防火墙 | F36: 华为 USG6530 | G36: 210235951510EA000034 | H36: 140601-2014-000024 | I36: 12 | J36: =VLOOKUP(G36,[1]硬件清单!$F:$F,1,0) -> 210235951510EA000034 | K36: =VLOOKUP(G36,[1]硬件清单!$F:$F,1,0) -> 210235951510EA000034 | M36: TK-F01-104-H2(14-14U)
A37: =IF(C37="","",SUBTOTAL(103,$C$2:C37)) -> 36 | B37: 28 | C37: 11212 | D37: 安全保密 | E37: 防火墙 | F37: 华为 USG6530 | G37: 210235951510EA000050 | H37: 140601-2014-000023 | I37: 12 | J37: =VLOOKUP(G37,[1]硬件清单!$F:$F,1,0) -> 210235951510EA000050 | K37: =VLOOKUP(G37,[1]硬件清单!$F:$F,1,0) -> 210235951510EA000050 | M37: TK-F01-104-H2(16-16U)
A38: =IF(C38="","",SUBTOTAL(103,$C$2:C38)) -> 37 | B38: 29 | C38: 11093 | D38: 网络设备 | E38: 路由器 | F38: 华为 AR2240 | G38: 21021133736TEA900076 | H38: 140501-2014-000562 | I38: 12 | J38: =VLOOKUP(G38,[1]硬件清单!$F:$F,1,0) -> 21021133736TEA900076 | K38: =VLOOKUP(G38,[1]硬件清单!$F:$F,1,0) -> 21021133736TEA900076 | M38: TK-F01-104-H2(19-20U)
A39: =IF(C39="","",SUBTOTAL(103,$C$2:C39)) -> 38 | B39: 30 | C39: 11092 | D39: 网络设备 | E39: 路由器 | F39: 华为 AR2240 | G39: 21021133736TEA900021 | H39: 140501-2014-000561 | I39: 12 | J39: =VLOOKUP(G39,[1]硬件清单!$F:$F,1,0) -> 21021133736TEA900021 | K39: =VLOOKUP(G39,[1]硬件清单!$F:$F,1,0) -> 21021133736TEA900021 | M39: TK-F01-104-H2(22-23U)
A40: =IF(C40="","",SUBTOTAL(103,$C$2:C40)) -> 39 | B40: 31 | C40: 11095 | D40: 网络设备 | E40: 路由器 | F40: 华为 AR2240 | G40: 21021133736TEA900022 | H40: 140501-2014-000564 | I40: 12 | J40: =VLOOKUP(G40,[1]硬件清单!$F:$F,1,0) -> 21021133736TEA900022 | K40: =VLOOKUP(G40,[1]硬件清单!$F:$F,1,0) -> 21021133736TEA900022 | M40: TK-F01-104-H2(26-27U)
A41: =IF(C41="","",SUBTOTAL(103,$C$2:C41)) -> 40 | B41: 32 | C41: 11094 | D41: 网络设备 | E41: 路由器 | F41: 华为 AR2240 | G41: 21021133736TE9900888 | H41: 140501-2014-000563 | I41: 12 | J41: =VLOOKUP(G41,[1]硬件清单!$F:$F,1,0) -> 21021133736TE9900888 | K41: =VLOOKUP(G41,[1]硬件清单!$F:$F,1,0) -> 21021133736TE9900888 | M41: TK-F01-104-H2(29-30U)
A42: =IF(C42="","",SUBTOTAL(103,$C$2:C42)) -> 41 | B42: 33 | C42: 11073 | D42: 存储设备 | E42: 磁盘阵列存储器及其附属设备 | F42: EMC VNX5400 | G42: CKM00143803402 | H42: 140201-2014-000639 | I42: 12 | J42: =VLOOKUP(G42,[1]硬件清单!$F:$F,1,0) -> CKM00143803402 | K42: =VLOOKUP(G42,[1]硬件清单!$F:$F,1,0) -> CKM00143803402 | M42: TK-F01-104-H6(04-12U)
... A51: =IF(C51="","",SUBTOTAL(103,$C$2:C51)) -> 50 | B51: 42 | C51: 11421 | D51: 机房设备 | E51: 空调系统 | F51: 艾默生PEX系列－P3090 | G51: 21013018452153010005 | H51: 140702-2014-000026 | I51: 12 | J51: =VLOOKUP(G51,[1]硬件清单!$F:$F,1,0) -> 21013018452153010005 | K51: =VLOOKUP(G51,[1]硬件清单!$F:$F,1,0) -> 21013018452153010005 | M51: TK-F01-106-5
A52: =IF(C52="","",SUBTOTAL(103,$C$2:C52)) -> 51 | B52: 43 | C52: 10119 | D52: 网络设备 | E52: 交换机 | F52: H3C S12508 | G52: 210235AOE6X126000021 | H52: 140502-2012-000692 | I52: 12 | J52: =VLOOKUP(G52,[1]硬件清单!$F:$F,1,0) -> 210235AOE6X126000021 | K52: =VLOOKUP(G52,[1]硬件清单!$F:$F,1,0) -> 210235AOE6X126000021 | L52: 原厂 | M52: TK-F01-106-A1(21-26U)
A53: =IF(C53="","",SUBTOTAL(103,$C$2:C53)) -> 52 | B53: 44 | C53: 10120 | D53: 网络设备 | E53: 交换机 | F53: H3C S12508 | G53: 210235AOE6X126000034 | H53: 140502-2012-000693 | I53: 12 | J53: =VLOOKUP(G53,[1]硬件清单!$F:$F,1,0) -> 210235AOE6X126000034 | K53: =VLOOKUP(G53,[1]硬件清单!$F:$F,1,0) -> 210235AOE6X126000034 | L53: 原厂 | M53: TK-F01-106-A2(19-26U)
A54: =IF(C54="","",SUBTOTAL(103,$C$2:C54)) -> 53 | B54: 45 | C54: 10101 | D54: 网络设备 | E54: 路由器 | F54: Cisco ASR9010 | G54: FOX1629H16F | H54: 140501-2012-000511 | I54: 12 | J54: =VLOOKUP(G54,[1]硬件清单!$F:$F,1,0) -> FOX1629H16F | K54: =VLOOKUP(G54,[1]硬件清单!$F:$F,1,0) -> FOX1629H16F | L54: 原厂 | M54: TK-F01-106-A6(5-25U)
A55: =IF(C55="","",SUBTOTAL(103,$C$2:C55)) -> 54 | B55: 46 | C55: 11088 | D55: 网络设备 | E55: 路由器 | F55: 思科 A9K-SIP-700 | G55: FOC1812N2AG | H55: 140501-2014-000557 | I55: 12 | J55: =VLOOKUP(G55,[1]硬件清单!$F:$F,1,0) -> FOC1812N2AG | K55: =VLOOKUP(G55,[1]硬件清单!$F:$F,1,0) -> FOC1812N2AG | L55: 原厂 | M55: TK-F01-106-A6(4-15U)
A56: =IF(C56="","",SUBTOTAL(103,$C$2:C56)) -> 55 | B56: 47 | C56: 10102 | D56: 网络设备 | E56: 路由器 | F56: Cisco ASR9010 | G56: FOX1630HC6Z | H56: 140501-2012-000512 | I56: 12 | J56: =VLOOKUP(G56,[1]硬件清单!$F:$F,1,0) -> FOX1630HC6Z | K56: =VLOOKUP(G56,[1]硬件清单!$F:$F,1,0) -> FOX1630HC6Z | L56: 原厂 | M56: TK-F01-106-A7(5-25U)
A57: =IF(C57="","",SUBTOTAL(103,$C$2:C57)) -> 56 | B57: 48 | C57: 11089 | D57: 网络设备 | E57: 路由器 | F57: 思科 A9K-SIP-700 | G57: FOC1815N7WH | H57: 140501-2014-000558 | I57: 12 | J57: =VLOOKUP(G57,[1]硬件清单!$F:$F,1,0) -> FOC1815N7WH | K57: =VLOOKUP(G57,[1]硬件清单!$F:$F,1,0) -> FOC1815N7WH | L57: 原厂 | M57: TK-F01-106-A7(4-15U)
A58: =IF(C58="","",SUBTOTAL(103,$C$2:C58)) -> 57 | B58: 52 | C58: 11394 | D58: 安全保密 | E58: 客票安全系统 | F58: 永达 ASG1000-III/EE | G58: ASG1000III2EDF252893 | H58: 140607-2014-000186 | I58: 12 | J58: =VLOOKUP(G58,[1]硬件清单!$F:$F,1,0) -> ASG1000III2EDF252893 | K58: =VLOOKUP(G58,[1]硬件清单!$F:$F,1,0) -> ASG1000III2EDF252893 | M58: TK-F01-106-C10(16-17U)
A59: =IF(C59="","",SUBTOTAL(103,$C$2:C59)) -> 58 | B59: 53 | C59: 11391 | D59: 安全保密 | E59: 客票安全系统 | F59: 永达 AFW2000-III | G59: AFW20002EF106CB92 | H59: 140607-2014-000183 | I59: 12 | J59: =VLOOKUP(G59,[1]硬件清单!$F:$F,1,0) -> AFW20002EF106CB92 | K59: =VLOOKUP(G59,[1]硬件清单!$F:$F,1,0) -> AFW20002EF106CB92 | M59: TK-F01-106-C10(26-26U)
A60: =IF(C60="","",SUBTOTAL(103,$C$2:C60)) -> 59 | B60: 54 | C60: 11392 | D60: 安全保密 | E60: 客票安全系统 | F60: 永达 AFW2000-III | G60: AFW2000II2ED2DCA0B8 | H60: 140607-2014-000184 | I60: 12 | J60: =VLOOKUP(G60,[1]硬件清单!$F:$F,1,0) -> AFW2000II2ED2DCA0B8 | K60: =VLOOKUP(G60,[1]硬件清单!$F:$F,1,0) -> AFW2000II2ED2DCA0B8 | M60: TK-F01-106-C10(28-28U)
A61: =IF(C61="","",SUBTOTAL(103,$C$2:C61)) -> 60 | B61: 55 | C61: 10156 | D61: 网络设备 | E61: 应用负载均衡器 | F61: F5 2400 | G61: chs405143s | H61: 140504-2014-000403 | I61: 12 | J61: =VLOOKUP(G61,[1]硬件清单!$F:$F,1,0) -> chs405143s | K61: =VLOOKUP(G61,[1]硬件清单!$F:$F,1,0) -> chs405143s | L61: 原厂 | M61: TK-F01-106-D0(9-12U)
A62: =IF(C62="","",SUBTOTAL(103,$C$2:C62)) -> 61 | B62: 56 | C62: 10155 | D62: 网络设备 | E62: 应用负载均衡器 | F62: F5 2400 | G62: chs405290s | H62: 140504-2014-000402 | I62: 12 | J62: =VLOOKUP(G62,[1]硬件清单!$F:$F,1,0) -> chs405290s | K62: =VLOOKUP(G62,[1]硬件清单!$F:$F,1,0) -> chs405290s | L62: 原厂 | M62: TK-F01-106-D0(15-18U)
A63: =IF(C63="","",SUBTOTAL(103,$C$2:C63)) -> 62 | B63: 57 | C63: 11078 | D63: 存储设备 | E63: SAN 交换机 | F63: HDS brocade8510-4 | G63: ANN2545J00E | H63: 140202-2014-000049 | I63: 12 | J63: =VLOOKUP(G63,[1]硬件清单!$F:$F,1,0) -> ANN2545J00E | K63: =VLOOKUP(G63,[1]硬件清单!$F:$F,1,0) -> ANN2545J00E | M63: TK-F02-226-D07(18-25U)
A64: =IF(C64="","",SUBTOTAL(103,$C$2:C64)) -> 63 | B64: 58 | C64: 11079 | D64: 存储设备 | E64: SAN 交换机 | F64: HDS brocade8510-4 | G64: ANN2547J005 | H64: 140202-2014-000050 | I64: 12 | J64: =VLOOKUP(G64,[1]硬件清单!$F:$F,1,0) -> ANN2547J005 | K64: =VLOOKUP(G64,[1]硬件清单!$F:$F,1,0) -> ANN2547J005 | M64: TK-F02-226-D07(29-36U)
A65: =IF(C65="","",SUBTOTAL(103,$C$2:C65)) -> 64 | B65: 59 | C65: 5994 | D65: 计算机 | E65: UNIX服务器及其附属设备 | F65: HP superdome2 | G65: SGH451XFRS/CZC4493705 | H65: 140102-2014-000901 | I65: 12 | J65: =VLOOKUP(G65,[1]硬件清单!$F:$F,1,0) -> SGH451XFRS/CZC4493705 | K65: 购买介质保留服务 | L65: 原厂 | M65: TK-F01-106-D09机柜
A66: =IF(C66="","",SUBTOTAL(103,$C$2:C66)) -> 65 | B66: 60 | C66: 5993 | D66: 计算机 | E66: UNIX服务器及其附属设备 | F66: HP superdome2 | G66: SGH451XFS0/CZC45137ER | H66: 140102-2014-000900 | I66: 12 | J66: =VLOOKUP(G66,[1]硬件清单!$F:$F,1,0) -> SGH451XFS0/CZC45137ER | K66: 购买介质保留服务 | L66: 原厂 | M66: TK-F01-106-D10机柜
A67: =IF(C67="","",SUBTOTAL(103,$C$2:C67)) -> 66 | B67: 61 | C67: 10097 | D67: 存储设备 | E67: SAN 交换机 | F67: HDS brocade DCX 8510-4 | G67: ANN2539K021 | H67: 140202-2014-000042 | I67: 12 | J67: =VLOOKUP(G67,[1]硬件清单!$F:$F,1,0) -> ANN2539K021 | M67: TK-F01-106-E02(19-26U)
A68: =IF(C68="","",SUBTOTAL(103,$C$2:C68)) -> 67 | B68: 62 | C68: 10096 | D68: 存储设备 | E68: SAN 交换机 | F68: HDS brocade DCX 8510-4 | G68: ANN2539K01S | H68: 140202-2014-000041 | I68: 12 | J68: =VLOOKUP(G68,[1]硬件清单!$F:$F,1,0) -> ANN2539K01S | M68: TK-F01-106-E02(30-37U)
A69: =IF(C69="","",SUBTOTAL(103,$C$2:C69)) -> 68 | B69: 63 | C69: 10093 | D69: 存储设备 | E69: 磁盘阵列存储器及其附属设备 | F69: HDS VSP G1000 | G69: 50557 90201664 | H69: 140201-2014-000625 | I69: 12 | J69: =VLOOKUP(G69,[1]硬件清单!$F:$F,1,0) -> 50557 90201664 | K69: 购买介质保留服务 | L69: 原厂 | M69: TK-F01-106-E03
A70: =IF(C70="","",SUBTOTAL(103,$C$2:C70)) -> 69 | B70: 64 | C70: 14269 | D70: 存储设备 | E70: 其他存储设备 | F70: HDS VSP G1000（扩容） | G70: 无（扩容sn:50557） | H70: 140205-2016-000002 | I70: 12 | J70: =VLOOKUP(G70,[1]硬件清单!$F:$F,1,0) -> 无（扩容sn:50557） | K70: 购买介质保留服务 | M70: TK-F01-106-E03
A71: =IF(C71="","",SUBTOTAL(103,$C$2:C71)) -> 70 | B71: 65 | C71: 14268 | D71: 存储设备 | E71: 磁盘阵列存储器及其附属设备 | F71: HDS VSP G1000（扩容） | G71: 无（扩容sn:50557） | H71: 140201-2016-000001 | I71: 12 | J71: =VLOOKUP(G71,[1]硬件清单!$F:$F,1,0) -> 无（扩容sn:50557） | K71: 购买介质保留服务 | M71: TK-F01-106-E04
A72: =IF(C72="","",SUBTOTAL(103,$C$2:C72)) -> 71 | B72: 66 | C72: 10090 | D72: 存储设备 | E72: 磁盘阵列存储器及其附属设备 | F72: HDS MDS 9148 | G72: AMS16191102 | H72: 140201-2012-000556 | I72: 12 | J72: =VLOOKUP(G72,[1]硬件清单!$F:$F,1,0) -> AMS16191102 | M72: TK-F01-106-F(11-11U)
A73: =IF(C73="","",SUBTOTAL(103,$C$2:C73)) -> 72 | B73: 67 | C73: 10089 | D73: 存储设备 | E73: 磁盘阵列存储器及其附属设备 | F73: HDS MDS 9148 | G73: AMS15420566 | H73: 140201-2012-000555 | I73: 12 | J73: =VLOOKUP(G73,[1]硬件清单!$F:$F,1,0) -> AMS15420566 | M73: TK-F01-106-F(13-13U)
A74: =IF(C74="","",SUBTOTAL(103,$C$2:C74)) -> 73 | B74: 68 | C74: 10095 | D74: 存储设备 | E74: SAN 交换机 | F74: Brocade DS-6510 | G74: BRW2535K06L | H74: 140202-2014-000040 | I74: 12 | J74: =VLOOKUP(G74,[1]硬件清单!$F:$F,1,0) -> BRW2535K06L | M74: TK-F01-106-F(15-15U)
A75: =IF(C75="","",SUBTOTAL(103,$C$2:C75)) -> 74 | B75: 69 | C75: 10094 | D75: 存储设备 | E75: SAN 交换机 | F75: Brocade DS-6510 | G75: BRW2541K05P | H75: 140202-2014-000039 | I75: 12 | J75: =VLOOKUP(G75,[1]硬件清单!$F:$F,1,0) -> BRW2541K05P | M75: TK-F01-106-F(17-17U)
A76: =IF(C76="","",SUBTOTAL(103,$C$2:C76)) -> 75 | B76: 71 | C76: 10091 | D76: 存储设备 | E76: 磁盘阵列存储器及其附属设备 | F76: HDS VSP | G76: 91266 | H76: 140201-2014-000623 | I76: 12 | J76: =VLOOKUP(G76,[1]硬件清单!$F:$F,1,0) -> 91266 | M76: TK-F01-106-F03机柜
A77: =IF(C77="","",SUBTOTAL(103,$C$2:C77)) -> 76 | B77: 72 | C77: 10092 | D77: 存储设备 | E77: 磁盘阵列存储器及其附属设备 | F77: HDS VSP | G77: 91165 | H77: 140201-2014-000624 | I77: 12 | J77: =VLOOKUP(G77,[1]硬件清单!$F:$F,1,0) -> 91165 | M77: TK-F01-106-F04机柜
A78: =IF(C78="","",SUBTOTAL(103,$C$2:C78)) -> 77 | B78: 73 | C78: 10088 | D78: 存储设备 | E78: 磁盘阵列存储器及其附属设备 | F78: HDS VSP | G78: 66818 | H78: 140201-2012-000554 | I78: 12 | J78: =VLOOKUP(G78,[1]硬件清单!$F:$F,1,0) -> 66818 | M78: TK-F01-106-F05
A79: =IF(C79="","",SUBTOTAL(103,$C$2:C79)) -> 78 | B79: 75 | C79: 16527 | D79: 存储设备 | E79: 磁盘阵列存储器及其附属设备 | F79: HDS VSP | G79: 54010 | H79: 140201-2011-000172 | I79: 12 | J79: =VLOOKUP(G79,[1]硬件清单!$F:$F,1,0) -> 54010 | M79: TK-F01-106-F09/10列
A80: =IF(C80="","",SUBTOTAL(103,$C$2:C80)) -> 79 | B80: 76 | C80: 16528 | D80: 存储设备 | E80: 磁盘阵列存储器及其附属设备 | F80: HDS VSP | G80: 54042 | H80: 140201-2011-000173 | I80: 12 | J80: =VLOOKUP(G80,[1]硬件清单!$F:$F,1,0) -> 54042 | M80: TK-F01-106-F07/08列
A81: =IF(C81="","",SUBTOTAL(103,$C$2:C81)) -> 80 | B81: 79 | C81: 7317 | D81: 网络设备 | E81: 路由器 | F81: 华为 AR2240 | G81: 21021206134JC4000069 | H81: 140501-2014-000544 | I81: 12 | J81: =VLOOKUP(G81,[1]硬件清单!$F:$F,1,0) -> 21021206134JC4000069 | M81: TK-F01-106-C8(28-29U)
A82: =IF(C82="","",SUBTOTAL(103,$C$2:C82)) -> 81 | B82: 80 | C82: 10189 | D82: 安全保密 | E82: 安全隔离与信息交换（含网闸） | F82: 永达ASG1000 | G82: ASG1000III2EE4FB260A | H82: 140605-2012-000016 | I82: 12 | J82: =VLOOKUP(G82,[1]硬件清单!$F:$F,1,0) -> ASG1000III2EE4FB260A | M82: TK-F01-107-E7(14-15U)
A83: =IF(C83="","",SUBTOTAL(103,$C$2:C83)) -> 82 | B83: 81 | C83: 11309 | D83: 安全保密 | E83: 客票安全系统 | F83: 永达 ASG1000-III/EE | G83: ASG1000III2EE4FB258B | H83: 140607-2014-000101 | I83: 12 | J83: =VLOOKUP(G83,[1]硬件清单!$F:$F,1,0) -> ASG1000III2EE4FB258B | M83: TK-F01-107-I10(11-12U)
A84: =IF(C84="","",SUBTOTAL(103,$C$2:C84)) -> 83 | B84: 82 | C84: 11303 | D84: 安全保密 | E84: 客票安全系统 | F84: 永达 ASG1000-III/EE | G84: ASG1000III2EE4FB258C | H84: 140607-2014-000095 | I84: 12 | J84: =VLOOKUP(G84,[1]硬件清单!$F:$F,1,0) -> ASG1000III2EE4FB258C | M84: TK-F01-107-I10(14-15U)
A85: =IF(C85="","",SUBTOTAL(103,$C$2:C85)) -> 84 | B85: 83 | C85: 11305 | D85: 安全保密 | E85: 客票安全系统 | F85: 永达 ASG1000-III/EE | G85: ASG1000III2EE4FB258E | H85: 140607-2014-000097 | I85: 12 | J85: =VLOOKUP(G85,[1]硬件清单!$F:$F,1,0) -> ASG1000III2EE4FB258E | M85: TK-F01-107-I10(16-17U)
A86: =IF(C86="","",SUBTOTAL(103,$C$2:C86)) -> 85 | B86: 84 | C86: 11307 | D86: 安全保密 | E86: 客票安全系统 | F86: 永达 ASG1000-III/EE | G86: ASG1000III2EE4FB2596 | H86: 140607-2014-000099 | I86: 12 | J86: =VLOOKUP(G86,[1]硬件清单!$F:$F,1,0) -> ASG1000III2EE4FB2596 | M86: TK-F01-107-I10(18-19U)
A87: =IF(C87="","",SUBTOTAL(103,$C$2:C87)) -> 86 | B87: 85 | C87: 11373 | D87: 安全保密 | E87: 客票安全系统 | F87: 永达 YD-NODE2000S | G87: YD-NODE2000S4B07F9362 | H87: 140607-2014-000165 | I87: 12 | J87: =VLOOKUP(G87,[1]硬件清单!$F:$F,1,0) -> YD-NODE2000S4B07F9362 | M87: TK-F01-107-I10(20-20U)
A88: =IF(C88="","",SUBTOTAL(103,$C$2:C88)) -> 87 | B88: 86 | C88: 11328 | D88: 安全保密 | E88: 客票安全系统 | F88: 永达 YD-LVS3000B | G88: YD-LVS3000B4B07F9362 | H88: 140607-2014-000120 | I88: 12 | J88: =VLOOKUP(G88,[1]硬件清单!$F:$F,1,0) -> YD-LVS3000B4B07F9362 | M88: TK-F01-107-I10(24-25U)
A89: =IF(C89="","",SUBTOTAL(103,$C$2:C89)) -> 88 | B89: 87 | C89: 11337 | D89: 安全保密 | E89: 客票安全系统 | F89: 永达 YD-SMC3000B | G89: YD-SMC3000B4B07F9367 | H89: 140607-2014-000129 | I89: 12 | J89: =VLOOKUP(G89,[1]硬件清单!$F:$F,1,0) -> YD-SMC3000B4B07F9367 | M89: TK-F01-107-I10(26-27U)
A90: =IF(C90="","",SUBTOTAL(103,$C$2:C90)) -> 89 | B90: 88 | C90: 11336 | D90: 安全保密 | E90: 客票安全系统 | F90: 永达 YD-SMC3000B | G90: YD-SMC3000B4B07F9360 | H90: 140607-2014-000128 | I90: 12 | J90: =VLOOKUP(G90,[1]硬件清单!$F:$F,1,0) -> YD-SMC3000B4B07F9360 | M90: TK-F01-107-I10(28-29U)
A91: =IF(C91="","",SUBTOTAL(103,$C$2:C91)) -> 90 | B91: 89 | C91: 11273 | D91: 安全保密 | E91: 客票安全系统 | F91: 永达 YD-SAC3000B | G91: YD-SAC3000B4B07F9360 | H91: 140607-2014-000065 | I91: 12 | J91: =VLOOKUP(G91,[1]硬件清单!$F:$F,1,0) -> YD-SAC3000B4B07F9360 | M91: TK-F01-107-I10(31-32U)
... A204: =IF(C204="","",SUBTOTAL(103,$C$2:C204)) -> 203 | B204: 202 | C204: 11208 | D204: 安全保密 | E204: 防火墙 | F204: 华为 USG9520 | G204: 210235G6TP10EA000010 | H204: 140601-2014-000019 | I204: 12 | J204: =VLOOKUP(G204,[1]硬件清单!$F:$F,1,0) -> 210235G6TP10EA000010 | M204: TK-F01-108-K2(25-29U)
A205: =IF(C205="","",SUBTOTAL(103,$C$2:C205)) -> 204 | B205: 203 | C205: 11114 | D205: 网络设备 | E205: 交换机 | F205: 思科 N7K-C7010 | G205: JAF1830ACNH | H205: 140502-2014-001105 | I205: 12 | J205: =VLOOKUP(G205,[1]硬件清单!$F:$F,1,0) -> JAF1830ACNH | L205: 原厂 | M205: TK-F01-108-K2(3-23U)
A206: =IF(C206="","",SUBTOTAL(103,$C$2:C206)) -> 205 | B206: 204 | C206: 11209 | D206: 安全保密 | E206: 防火墙 | F206: 华为 USG9520 | G206: 210235G6TP10EA000009 | H206: 140601-2014-000020 | I206: 12 | J206: =VLOOKUP(G206,[1]硬件清单!$F:$F,1,0) -> 210235G6TP10EA000009 | M206: TK-F01-108-K3(25-29U)
A207: =IF(C207="","",SUBTOTAL(103,$C$2:C207)) -> 206 | B207: 205 | C207: 11115 | D207: 网络设备 | E207: 交换机 | F207: 思科 N7K-C7010 | G207: JAF1830ACNK | H207: 140502-2014-001106 | I207: 12 | J207: =VLOOKUP(G207,[1]硬件清单!$F:$F,1,0) -> JAF1830ACNK | L207: 原厂 | M207: TK-F01-108-K3(3-23U)
A208: =IF(C208="","",SUBTOTAL(103,$C$2:C208)) -> 207 | B208: 207 | C208: 11086 | D208: 网络设备 | E208: 路由器 | F208: 思科 ASR1004-CB | G208: FXS1751Q1L8 | H208: 140501-2014-000555 | I208: 12 | J208: =VLOOKUP(G208,[1]硬件清单!$F:$F,1,0) -> FXS1751Q1L8 | L208: 原厂 | M208: TK-F01-108-K4(16-19U)
A209: =IF(C209="","",SUBTOTAL(103,$C$2:C209)) -> 208 | B209: 208 | C209: 10153 | D209: 网络设备 | E209: 应用负载均衡器 | F209: Radware alteon6420 | G209: 31405262 | H209: 140504-2014-000400 | I209: 12 | J209: =VLOOKUP(G209,[1]硬件清单!$F:$F,1,0) -> 31405262 | M209: TK-F01-108-K4(3-4U)
A210: =IF(C210="","",SUBTOTAL(103,$C$2:C210)) -> 209 | B210: 211 | C210: 11087 | D210: 网络设备 | E210: 路由器 | F210: 思科 ASR1004-CB | G210: FXS1751Q1L3 | H210: 140501-2014-000556 | I210: 12 | J210: =VLOOKUP(G210,[1]硬件清单!$F:$F,1,0) -> FXS1751Q1L3 | L210: 原厂 | M210: TK-F01-108-K5(16-19U)
A211: =IF(C211="","",SUBTOTAL(103,$C$2:C211)) -> 210 | B211: 212 | C211: 10154 | D211: 网络设备 | E211: 应用负载均衡器 | F211: Radware alteon6420 | G211: 31405251 | H211: 140504-2014-000401 | I211: 12 | J211: =VLOOKUP(G211,[1]硬件清单!$F:$F,1,0) -> 31405251 | M211: TK-F01-108-K5(3-4U)
A212: =IF(C212="","",SUBTOTAL(103,$C$2:C212)) -> 211 | B212: 214 | C212: 7588 | D212: 网络设备 | E212: 链路负载均衡器 | F212: Radware 5224-8G | G212: 31407256 | H212: 140503-2014-000214 | I212: 12 | J212: =VLOOKUP(G212,[1]硬件清单!$F:$F,1,0) -> 31407256 | M212: TK-F01-108-K8(36-37U)
A213: =IF(C213="","",SUBTOTAL(103,$C$2:C213)) -> 212 | B213: 215 | C213: 7589 | D213: 网络设备 | E213: 链路负载均衡器 | F213: Radware 5224-8G | G213: 31407315 | H213: 140503-2014-000215 | I213: 12 | J213: =VLOOKUP(G213,[1]硬件清单!$F:$F,1,0) -> 31407315 | M213: TK-F01-108-K8(38-39U)
A214: =IF(C214="","",SUBTOTAL(103,$C$2:C214)) -> 213 | B214: 216 | C214: 7590 | D214: 网络设备 | E214: 链路负载均衡器 | F214: Radware 5224-8G | G214: 31407268 | H214: 140503-2014-000216 | I214: 12 | J214: =VLOOKUP(G214,[1]硬件清单!$F:$F,1,0) -> 31407268 | M214: TK-F01-108-K9(36-37U)
A215: =IF(C215="","",SUBTOTAL(103,$C$2:C215)) -> 214 | B215: 217 | C215: 7591 | D215: 网络设备 | E215: 链路负载均衡器 | F215: Radware 5224-8G | G215: 31407272 | H215: 140503-2014-000217 | I215: 12 | J215: =VLOOKUP(G215,[1]硬件清单!$F:$F,1,0) -> 31407272 | M215: TK-F01-108-K9(38-39U)
A216: =IF(C216="","",SUBTOTAL(103,$C$2:C216)) -> 215 | B216: 218 | C216: 11417 | D216: 机房设备 | E216: 空调系统 | F216: 艾默生PEX系列－P3090 | G216: 21013018452128030001 | H216: 140702-2014-000022 | I216: 12 | J216: =VLOOKUP(G216,[1]硬件清单!$F:$F,1,0) -> 21013018452128030001 | M216: TK-F01-108机房北侧
A217: =IF(C217="","",SUBTOTAL(103,$C$2:C217)) -> 216 | B217: 219 | C217: 11415 | D217: 机房设备 | E217: 空调系统 | F217: 艾默生PEX系列－P2070 | G217: 21013018432133030006 | H217: 140702-2014-000020 | I217: 12 | J217: =VLOOKUP(G217,[1]硬件清单!$F:$F,1,0) -> 21013018432133030006 | M217: TK-F01-108机房南侧
A218: =IF(C218="","",SUBTOTAL(103,$C$2:C218)) -> 217 | B218: 220 | C218: 11416 | D218: 机房设备 | E218: 空调系统 | F218: 艾默生PEX系列－P2070 | G218: 2101301843213b060001 | H218: 140702-2014-000021 | I218: 12 | J218: =VLOOKUP(G218,[1]硬件清单!$F:$F,1,0) -> 2101301843213b060001 | M218: TK-F01-108机房中
A219: =IF(C219="","",SUBTOTAL(103,$C$2:C219)) -> 218 | B219: 221 | C219: 11424 | D219: 机房设备 | E219: 空调系统 | F219: 艾默生PEX系列－P3090 | G219: 2101301845215301001 | H219: 140702-2014-000029 | I219: 12 | J219: =VLOOKUP(G219,[1]硬件清单!$F:$F,1,0) -> 2101301845215301001 | M219: TK-F01-106-3
A220: =IF(C220="","",SUBTOTAL(103,$C$2:C220)) -> 219 | B220: 222 | C220: 11422 | D220: 机房设备 | E220: 空调系统 | F220: 艾默生PEX系列－P3090 | G220: 21013018452153010006 | H220: 140702-2014-000027 | I220: 12 | J220: =VLOOKUP(G220,[1]硬件清单!$F:$F,1,0) -> 21013018452153010006 | M220: TK-F01-106-5
...

Sheet 软件清单
A1: 序号 | B1: 采购事项 | C1: 产品名称 | D1: S/N | E1: 服务期限（月） | F1: 需求说明 | G1: 备注
A2: 1 | B2: 软件 | C2: EMCNetworkerV8.2 | E2: 12 | F2: 中标人提供
A3: 2 | B3: 软件 | C3: Oracle 11g企业版 | E3: 12 | F3: 中标人提供
A4: 3 | B4: 软件 | C4: Weblogic企业版 | E4: 12 | F4: 中标人提供
A5: 4 | B5: 软件 | C5: 分布式内存数据库软件PivotalGemFire企业版License | E5: 12 | F5: 中标人提供
A6: 5 | B6: 软件 | C6: GoldenGate12CProcessor | E6: 12 | F6: 中标人提供
A7: 6 | B7: 软件 | C7: Oracle linux | E7: 12 | F7: 原厂20人天
A8: 7 | B8: 软件 | C8: WCM系统 | E8: 12 | F8: 中标人提供
A9: 8 | B9: 软件 | C9: 邮件归档系统maildatav3.2.3(2套) | E9: 12 | F9: 中标人提供
A10: 9 | B10: 软件 | C10: 邮件网关系统maildatav2.8.2(2套) | E10: 12 | F10: 中标人提供
A11: 10 | B11: 软件 | C11: 邮件网关系统maildatav2.8.3(2套) | E11: 12 | F11: 中标人提供
A12: 11 | B12: 软件 | C12: 邮件系统V7.0(2套) | E12: 12 | F12: 中标人提供
A13: 12 | B13: 软件 | C13: TRSWCMv7.01套 | E13: 12 | F13: 中标人提供
... A31: 30 | B31: 软件 | C31: 铁路公安系统V1.0 | E31: 12 | F31: 中标人提供
A32: 31 | B32: 软件 | C32: 360安全浏览软件XC-IIBR1300-C-SW | D32: 3套 | E32: 1 | F32: 原厂标服
A33: 32 | B33: 软件 | C33: H3C CAS软件 V7.0 | D33: 1套 | E33: 12 | F33: 原厂标服
A34: 33 | B34: 软件 | C34: Oracle Linux | D34: 177套 | E34: 12 | F34: 原厂标服
A35: 34 | B35: 软件 | C35: VMware vSphere 7.0企业增强版 | D35: 1套 | E35: 12 | F35: 中标人提供
A36: 35 | B36: 软件 | C36: Windows Server 2022 | D36: 5套 | E36: 12 | F36: 中标人提供
A37: 36 | B37: 软件 | C37: 安超虚拟化平台软件 V1.5 标准版 | D37: 1套 | E37: 12 | F37: 中标人提供
A38: 37 | B38: 软件 | C38: 北京经纬信息移动安全管理平台V1.0（管理） | D38: 1套 | E38: 1 | F38: 原厂标服
A39: 38 | B39: 软件 | C39: 北京经纬信息移动安全管理平台V1.0（接入） | D39: 1套 | E39: 1 | F39: 原厂标服
A40: 39 | B40: 软件 | C40: 北京酷德啄木鸟CodeCheck源代码缺陷分析系统V4.0、软件成分分析系统 | D40: 1套 | E40: 1 | F40: 原厂标服
A41: 40 | B41: 软件 | C41: 北京数字认证SYT1812-G密钥管理系统 | D41: 2套 | E41: 1 | F41: 原厂标服
A42: 41 | B42: 软件 | C42: 北京数字认证SZT1802-G数字证书认证系统 | D42: 2套 | E42: 1 | F42: 原厂标服
A43: 42 | B43: 软件 | C43: 北京数字认证密码服务管理平台CSCP-AV1.0 | D43: 2套 | E43: 1 | F43: 原厂标服
... A47: 46 | B47: 软件 | C47: 统信服务器操作系统 V20 | D47: 30套 | E47: 12 | F47: 原厂标服+20人天现场服务
A48: 47 | B48: 软件 | D48: 257套 | E48: 1
A49: 48 | B49: 软件 | C49: 兴唐通信SDT1930 | D49: 1套 | E49: 1 | F49: 原厂标服
A50: 49 | B50: 软件 | C50: 兴唐通信SDT-KMS | D50: 1套 | E50: 1 | F50: 原厂标服
A51: 50 | B51: 软件 | C51: 兴唐通信密码服务网关系统SDT222201-G | D51: 1套 | E51: 1 | F51: 原厂标服
A52: 51 | B52: 软件 | C52: 银河麒麟高级服务器操作系统V10 | D52: 320套 | E52: 1 | F52: 原厂标服+20人天现场服务
D53: 30套 | E53: 12
A54: 52 | B54: 软件 | C54: 永达EME4280 | D54: 1套 | E54: 1 | F54: 原厂标服
A55: 53 | B55: 软件 | C55: 云宏CNware WinSphere服务器虚拟化软件V8.2 | D55: 1套 | E55: 12 | F55: 中标人提供

Sheet 硬件人天清单
A1: 序号 | B1: 设备品牌 | C1: 原厂人天 | D1: 中标人人天 | E1: 备注
A2: 1 | B2: 华为存储 | C2: 2 | D2: 10
A3: 2 | B3: 宏杉存储 | C3: 2 | D3: 10
A4: 3 | B4: 思科SAN交换机 | C4: 3 | D4: 10
A5: 4 | B5: 浪潮存储 | C5: 5 | D5: 15
A6: 5 | B6: EMC存储 | C6: 6 | D6: 0
A7: 6 | B7: 信安世纪负载均衡 | C7: 15 | D7: 35
A8: 7 | B8: 浪潮小型机 | C8: 15 | D8: 0
A9: 8 | B9: 思科网络（增强） | C9: 5 | D9: 15
A10: 9 | B10: 网络工程师驻厂服务 | D10: 配置2人年的网络维护服务。 | E10: 需求说明：配置2人年的网络维护服务，进行5x8小时网络保障。采购网络工区保障服务，配置2人的保障人员，进行5x8小时网络保障，协助开展公共基础网络设备及链路的监测分析、远程巡检、常规养护、旁站盯控等基础性工作。
A11: 10 | B11: 永达工程师驻场服务 | D11: 配置2人年的永达设备维护服务。 | E11: 需求说明：永达隔离相关设备用于客票网与其他网络的安全隔离，设备数量达到500多台，运维资料不全、设备老旧，需配置2人年的维护服务，进行永达设备维护保障，进行5x8小时的驻场保障服务和7x24小时的二线保障服务，协助开展12306中永达设备的设备巡检、故障处置、问题分析、软件升级等工作。
